model_label,param,coef,se,p_value,ci_lower,ci_upper,OR,OR_ci_lower,OR_ci_upper
A) is_cancer alone,(Intercept),-1.9117187843070336,0.08430469770292835,0.0,-2.080444716138508,-1.7497538179233156,0.1478260869565218,0.12487466606907606,0.1738167287469879
A) is_cancer alone,is_cancer,-0.14970425186915806,0.5737462943050411,0.7904074173705715,-1.4695987409578763,0.8486043126670288,0.8609625668457511,0.2300177633791611,2.3363837141408688
B) is_cancer + nb_vessels_disease,(Intercept),-3.4781163722851387,0.26526138237357366,0.0,-4.017302315019636,-2.9740730009242764,0.030865495413496303,0.018001461768545488,0.05109477686829971
B) is_cancer + nb_vessels_disease,is_cancer,-0.2297259994136991,0.5834897970051726,0.6867747173293539,-1.5652054556235782,0.795672549682362,0.7947513350043099,0.2090450592778645,2.21593081932676
B) is_cancer + nb_vessels_disease,nb_vessels_disease,0.7436918730338901,0.10983482076465745,1.7025270082626776e-12,0.5313392574009363,0.9633171046615068,2.1036877436187362,1.7012091405782719,2.62037412835755
B) is_cancer + fmc_to_diagnosis_minutes,(Intercept),-1.9649935091316377,0.13556319950182655,0.0,-2.225136365981671,-1.6733568439253865,0.14015679635217806,0.1080526829199484,0.18761620905592474
B) is_cancer + fmc_to_diagnosis_minutes,is_cancer,-0.15541185129865862,0.5710692231880413,0.7823241924828325,-1.4742984312797984,0.8425534499680954,0.8560625344038157,0.22893928735942634,2.322289261875566
B) is_cancer + fmc_to_diagnosis_minutes,fmc_to_diagnosis_minutes,0.0012970099863226295,0.002455462279902693,0.6207856671594478,-0.004650267236163316,0.005719469333163271,1.0012978514675388,0.9953605285156606,1.0057358567253891
B) is_cancer + dyslip,(Intercept),-2.178602821853879,0.13285177300594178,0.0,-2.4485347377296023,-1.9265456547797786,0.11319958018263715,0.08642012191699278,0.14565045745778904
B) is_cancer + dyslip,is_cancer,-0.12994414867502932,0.5746718092873845,0.8185219810161406,-1.4521126075694046,0.8724493378567103,0.8781444750834069,0.23407525621577474,2.3927643703321673
B) is_cancer + dyslip,dyslip,0.4838016716835278,0.17056903127638848,0.004169960798515171,0.15190431600959894,0.822344864517469,1.6222298796247019,1.1640488502642459,2.2758300989664866
B) is_cancer + kilip,(Intercept),-1.7660982819037103,0.1581057277495901,0.0,-2.0747773487169225,-1.452253718073519,0.17099887834213487,0.12558438590524987,0.23404222806873345
B) is_cancer + kilip,is_cancer,-0.09223890533158251,0.5744971776542575,0.8711859753877605,-1.4141654280760878,0.9102275817131237,0.9118872687893737,0.24312843696896128,2.4848879841035973
B) is_cancer + kilip,kilip,-0.11022743239898525,0.10224546361124949,0.2668327776678866,-0.32403674357852874,0.08004232375523468,0.895630416757021,0.7232236680659863,1.0833329174219195
B) is_cancer + did_vf_occur,(Intercept),-1.9332259220735046,0.08801313761451053,0.0,-2.1095655317781943,-1.76429097457658,0.14468071614241507,0.12129065192132969,0.17130820530814198
B) is_cancer + did_vf_occur,is_cancer,-0.1387495765127468,0.5735949411327181,0.805721916808138,-1.4587880059648393,0.8598833543173654,0.870445981284958,0.23251791434777205,2.3628850572897138
B) is_cancer + did_vf_occur,did_vf_occur,0.31283790436072056,0.30015523229920515,0.3118760568927813,-0.31234948850273253,0.8731029811425832,1.367299879715646,0.731725753797699,2.3943288959626443
B) is_cancer + thrombectomy,(Intercept),-1.9928329705679348,0.11901332286130274,0.0,-2.233388183289328,-1.7660070969737984,0.136308719350591,0.10716472061089065,0.17101447157379457
B) is_cancer + thrombectomy,is_cancer,-0.17184624977881496,0.5736200882797713,0.7598578193813803,-1.4924058103510827,0.8274629659689952,0.8421086376049456,0.22483110336900478,2.2875078868594265
B) is_cancer + thrombectomy,thrombectomy,0.17137962968879966,0.1667554043011487,0.30447746261205466,-0.15590695715455294,0.4993799807312756,1.1869412616440993,0.8556387977359294,1.647699348581978
B) is_cancer + is_rcv,(Intercept),-2.1138678914089324,0.11073007500491433,0.0,-2.337337627892789,-1.9026159349844303,0.12076993687183715,0.09658443994684572,0.1491778687507816
B) is_cancer + is_rcv,is_cancer,-0.1156317858256267,0.5751278057009663,0.8386048453566965,-1.438339487190339,0.8876794359419389,0.8908031692700914,0.23732150708203498,2.4294853284835884
B) is_cancer + is_rcv,is_rcv,0.545095123345178,0.16941414249927603,0.0014786606709393801,0.21076413854997383,0.8764185729528513,1.7247724406976535,1.2346211211894462,2.4022806884055345
B) is_cancer + is_smoker,(Intercept),-2.0275515417097165,0.13631398476177775,0.0,-2.3044159959725663,-1.7687691241946937,0.13165748469036323,0.09981707721018786,0.17054277666510154
B) is_cancer + is_smoker,is_cancer,-0.1261611641537332,0.5735592678636716,0.8234166171948136,-1.4466429398120628,0.8733379088588457,0.8814727735215816,0.23535907793592278,2.3948914562600696
B) is_cancer + is_smoker,is_smoker,0.19529960841024258,0.17185724438883726,0.25358089468951805,-0.13881589069836278,0.5367263988409499,1.215675158434108,0.8703882602824682,1.7103985248701006
B) is_cancer + hta,(Intercept),-2.106015122151008,0.12636887804677416,0.0,-2.362183230981193,-1.8657884501552517,0.1217220487842254,0.09421430690297618,0.15477413007742125
B) is_cancer + hta,is_cancer,-0.17955317312848257,0.5741203547410569,0.7494695065916968,-1.5009108953158576,0.8211095433799381,0.8356435159817543,0.2229270044715483,2.2730204537041927
B) is_cancer + hta,hta,0.3751584242062423,0.16818819407621263,0.02511337621603238,0.04671224820135938,0.7076876064155586,1.4552219387379697,1.0478204534750126,2.029293304162745
B) is_cancer + is_diabetic,(Intercept),-1.9865326999369535,0.0947157120736158,0.0,-2.1767000983353335,-1.805033735137331,0.1371702121410953,0.11341517272759949,0.16446890810236464
B) is_cancer + is_diabetic,is_cancer,-0.15104907774775586,0.5737976173749935,0.7887737178332481,-1.4718295762049927,0.8487560131111658,0.8598055003062508,0.2295052035759578,2.336738171472966
B) is_cancer + is_diabetic,is_diabetic,0.4107056234374213,0.20437610371920686,0.05076984736218926,-0.0014170782777537766,0.8025432267081323,1.5078814062718298,0.9985839253035618,2.2312081871289613
B) is_cancer + is_male,(Intercept),-2.1589117401850437,0.18824611175223058,0.0,-2.5474589908734693,-1.8063611880817196,0.11545069304803637,0.07828032451673708,0.1642507282098526
B) is_cancer + is_male,is_cancer,-0.15174384801498178,0.5734481879633935,0.787701828327678,-1.4721297650747056,0.8474048870454071,0.8592083404775086,0.22943631900801068,2.3335830755667746
B) is_cancer + is_male,is_male,0.31912451252282575,0.20962848850822863,0.11903252330350145,-0.07976400869503117,0.7454734085927048,1.3759226338391166,0.9233342195249296,2.1074388785366227
B) is_cancer + age,(Intercept),-1.8799847247672619,0.4221101221646344,6.463568389403207e-06,-2.7165361534195287,-1.0574113115383732,0.15259243662406508,0.06610333011628114,0.34735383834460537
B) is_cancer + age,is_cancer,-0.14672397683835947,0.576692378951042,0.7957702147382943,-1.471170695649592,0.8596280375271941,0.8635322994390771,0.2296564699197112,2.362281850069085
B) is_cancer + age,age,-0.00046583709240782426,0.006618304818955374,0.9439813841613801,-0.013520766444102652,0.012495977211368837,0.9995342713928443,0.9865702285494998,1.0125743781597445
B) is_cancer + bmi,(Intercept),-2.036030692340862,0.5241325049219062,0.00016887726155545568,-3.0545853029221606,-0.9881140803637026,0.1305458605204494,0.047142266477424914,0.37227811600771543
B) is_cancer + bmi,is_cancer,-0.14940932336041243,0.5731779857017691,0.7907689724669589,-1.4691216600268135,0.8485858292821322,0.8612165266998364,0.23012752664877453,2.3363405302605074
B) is_cancer + bmi,bmi,0.0047158844796410205,0.01920108765991107,0.8076356573893313,-0.034080799363939346,0.041648383395981765,1.0047270217633524,0.9664934094297941,1.0425278441969712
B) is_cancer + lvef,(Intercept),-2.207162807372855,0.33823022490583954,1.2103207325253607e-11,-2.8818194937238384,-1.5515772746126797,0.11001233233110534,0.05603271884781606,0.21191346436202588
B) is_cancer + lvef,is_cancer,-0.12541041993846788,0.5737998066126356,0.8245174314323487,-1.4461208778999812,0.8744793118518182,0.8821347825758575,0.23548198202515624,2.397626553163044
B) is_cancer + lvef,lvef,0.006171657152188129,0.006734858614682312,0.3608717884479309,-0.007075862753145341,0.01941709537570969,1.006190741067785,0.9929491122224873,1.0196068332351593
B) is_cancer + atcd_mi,(Intercept),-2.0543403851373014,0.09363511122217238,0.0,-2.2423534668156573,-1.8749630188611195,0.12817735538788122,0.10620825241730382,0.15336063819112114
B) is_cancer + atcd_mi,is_cancer,-0.15522018363447726,0.5780921607999416,0.7847625683255017,-1.482932203917832,0.8548197449910109,0.8562266296355506,0.22697118590022325,2.350950571762773
B) is_cancer + atcd_mi,atcd_mi,1.041553015398308,0.21906503230678837,7.895593971962711e-06,0.6017341064692472,1.4633163010826782,2.833614245540084,1.8252812896440398,4.320263090942052
B) is_cancer + atcd_cabg,(Intercept),-1.9490631277689674,0.08610758740305624,0.0,-2.1215109906278404,-1.783731379234783,0.142407426671963,0.1198503987984108,0.1680100669194116
B) is_cancer + atcd_cabg,is_cancer,-0.1953742223349355,0.5781952261407272,0.7298400685828993,-1.5242244354145937,0.8138497578175041,0.8225267925576805,0.21778990151647887,2.2565785671300276
B) is_cancer + atcd_cabg,atcd_cabg,1.4977144818107708,0.4456601154071638,0.002009701982500278,0.5836940003120455,2.3570640560120557,4.471457784797611,1.7926482581064735,10.559902613319473
B) is_cancer + atcd_pci,(Intercept),-2.0606368236137853,0.09540387444889505,0.0,-2.2523029035242272,-1.8779433510085304,0.12737283003575234,0.10515677958701135,0.15290425297854854
B) is_cancer + atcd_pci,is_cancer,-0.15855699614085358,0.5771369554523756,0.7797688133776808,-1.4846415236194048,0.849385652125516,0.8533743233616535,0.22658355097086735,2.338209936283696
B) is_cancer + atcd_pci,atcd_pci,0.8867920926333932,0.20488376577703912,3.971992670104285e-05,0.47605674575917567,1.2816591618353221,2.4273304971131364,1.6097143578300714,3.60261208612363
B) is_cancer + atcd_hf,(Intercept),-1.896015861206751,0.08488774927828148,0.0,-2.065924735632614,-1.7329249454297873,0.15016571001721188,0.12670107138257167,0.17676662036748342
B) is_cancer + atcd_hf,is_cancer,-0.14532332777654017,0.5730083603862364,0.7965833838173048,-1.4654884049026948,0.8534729361137929,0.8647426525862628,0.23096515940949827,2.3477864218936744
B) is_cancer + atcd_hf,atcd_hf,-0.6298005166493446,0.6612298263266662,0.29937686909250216,-2.2247523920118257,0.48331798409521654,0.5326980548014728,0.10809418030400943,1.6214454168992758
B) is_cancer + atcd_stroke,(Intercept),-1.897842796649449,0.08457647136370748,0.0,-2.0671330679247077,-1.7353211812968607,0.149891617410289,0.1265480668453552,0.17634355293876677
B) is_cancer + atcd_stroke,is_cancer,-0.08524798386176628,0.5721248865110343,0.881069910086848,-1.4076900563342198,0.9186599287314013,0.9182845364181711,0.24470789224043693,2.5059300140546363
B) is_cancer + atcd_stroke,atcd_stroke,-0.8709512572816567,0.8408958472482421,0.24207326327832457,-3.068913016906142,0.4875403009635079,0.4185532080282865,0.046471641301943534,1.6283061471298217
C) is_cancer + all,(Intercept),-3.800512248777085,1.0039629686167562,0.00016769366843349953,-5.8213651090429845,-1.8118915422472264,0.02235931539017069,0.0029635568040037802,0.16334487067619144
C) is_cancer + all,is_cancer,0.07556872535737215,0.5909634907650173,0.9012468015025294,-1.2905834455358454,1.1449596644449527,1.0784973452866238,0.2751102244233832,3.142314607279109
C) is_cancer + all,nb_vessels_disease,0.7386511205902988,0.11546388460723225,6.616684977700515e-11,0.5116570415240196,0.9729216823075799,2.0931102561295933,1.6680529391359666,2.6456629650295866
C) is_cancer + all,fmc_to_diagnosis_minutes,0.0008922580291331293,0.002316535902752929,0.7096893735494478,-0.0044305939579260736,0.005350615795412419,1.0008926562097462,0.9955792066439789,1.005364955904838
C) is_cancer + all,dyslip,0.3428438041895542,0.1810759589105694,0.0608830581532801,-0.015601069577031392,0.7062827070072315,1.4089486728585694,0.9845199967034527,2.0264443529139573
C) is_cancer + all,kilip,-0.19380679488349026,0.11372377035888061,0.08344610661755303,-0.43347496131476393,0.024614102788521983,0.8238170545637659,0.6482525238033174,1.0249195306119634
C) is_cancer + all,did_vf_occur,0.6009777144033949,0.33314472606452267,0.0872370367115134,-0.09200931598251083,1.2436513320425484,1.8239011833751202,0.9120966524290488,3.468254120504897
C) is_cancer + all,thrombectomy,0.14892331582387502,0.17638174094248538,0.4055089285839114,-0.20226408146010932,0.5005492338064329,1.1605839873697175,0.8168791768098086,1.6496270528797092
C) is_cancer + all,is_rcv,0.6117597759292106,0.17722511257949,0.0007341719348293863,0.25824760391883644,0.9638042219746913,1.8436729970633394,1.2946593416677745,2.6216508688984588
C) is_cancer + all,is_smoker,0.09447945798155495,0.18497320865100053,0.6142335540966382,-0.2712331816182572,0.466077292704011,1.0990865854441842,0.7624386889878403,1.5937301783029512
C) is_cancer + all,hta,0.1980218454328366,0.188204693463886,0.29946935035822175,-0.17605792143771282,0.5735959197794663,1.2189890228736078,0.8385694107844969,1.7746370440265393
C) is_cancer + all,is_diabetic,0.18662517132753853,0.22618343697980983,0.42033896443666274,-0.273680144028003,0.6280435003127023,1.2051754660578327,0.7605753109139695,1.8739406260549805
C) is_cancer + all,is_male,0.14159248862626314,0.2280322192543218,0.538764616297573,-0.3030644347011833,0.6095705581533047,1.1521070561322442,0.7385515064916499,1.8396412102051933
C) is_cancer + all,age,-0.008270171518069724,0.00826682696986293,0.3238023791818089,-0.024829980875313493,0.008133155996165061,0.9917639322709139,0.9754757474630721,1.008166319957648
C) is_cancer + all,bmi,-0.011168324985630812,0.020909518799433122,0.597484310553499,-0.053990677692716385,0.02974929845443074,0.9888938092290409,0.9474409387961941,1.0301962297891953
C) is_cancer + all,lvef,0.00910368393751684,0.007447589076843647,0.23007420795478306,-0.005777240376223335,0.02396312570081755,1.0091452485026096,0.9942394157859716,1.0242525485993523
C) is_cancer + all,atcd_mi,0.8905012962615912,0.3555905702249622,0.013333070916184298,0.1850275110982435,1.6075444876874365,2.4363506787032247,1.2032515424437487,4.990541833255839
C) is_cancer + all,atcd_cabg,0.6731522881577365,0.4884632670788612,0.1816778719874802,-0.3273534120015284,1.630199022855654,1.9604073595602391,0.7208289484041052,5.1048906073473015
C) is_cancer + all,atcd_pci,0.06517973924789079,0.3303880788940271,0.8467288526876229,-0.6151345849626052,0.7071003092016908,1.067350851983573,0.5405681380707634,2.028101855760499
C) is_cancer + all,atcd_hf,-0.8222622480927481,0.6948668282407829,0.21267362497071296,-2.500133817604567,0.4175794158741647,0.43943641499939523,0.08207401494093351,1.518281974801055
C) is_cancer + all,atcd_stroke,-0.9849189749981968,0.8503846254884511,0.2038823222927424,-3.220005695635718,0.4531131392758825,0.3734694860765537,0.03995483069184504,1.5732021673997074
D) nb_vessels_disease + others,(Intercept),-3.801498575880968,1.0030239927506894,0.00016317492829465152,-5.817318368458966,-1.8165008845945059,0.02233727266383332,0.002975573848126298,0.16259369079914743
D) nb_vessels_disease + others,nb_vessels_disease,0.7394651184901354,0.1156435811831895,6.433209520650962e-11,0.5123640170094015,0.973840742722451,2.0948147371100636,1.6692326286288954,2.6480956068329964
D) nb_vessels_disease + others,fmc_to_diagnosis_minutes,0.0009226402049816799,0.002308038918018932,0.6989487646305034,-0.00438729344616702,0.005363186199246344,1.0009230659683876,0.9956223166664595,1.005377593827766
D) nb_vessels_disease + others,dyslip,0.34330720618990485,0.18132167874888233,0.06064354337740785,-0.015289932649083304,0.7069097312375646,1.409601733795149,0.984826364889487,2.0277153810657373
D) nb_vessels_disease + others,kilip,-0.19404557327838604,0.11389537503449537,0.08330308690241717,-0.4338765249669363,0.024547791203659616,0.8236203683329351,0.6479922614117846,1.024851568826884
D) nb_vessels_disease + others,did_vf_occur,0.6019023174769447,0.3331744198605265,0.08666991742487895,-0.09085514454592676,1.2443549670464304,1.8255883478736652,0.9131499760737897,3.4706953642780065
D) nb_vessels_disease + others,thrombectomy,0.14851243968166983,0.1766207304366691,0.4070276208855599,-0.20284209765932384,0.5003022378362915,1.1601072290492989,0.8164071438473033,1.6492196519606754
D) nb_vessels_disease + others,is_rcv,0.612922969987877,0.1774207514886449,0.0007206907866140755,0.2592699224557512,0.9651327556493938,1.8458187942869957,1.2959835726893782,2.6251361349951656
D) nb_vessels_disease + others,is_smoker,0.09420666461145373,0.18522012457702702,0.6154079102346985,-0.2716505255244927,0.46597693346296065,1.0987868028017256,0.7621205562371131,1.5935702407775563
D) nb_vessels_disease + others,hta,0.198231156812312,0.18839404273939744,0.299044841597217,-0.17591912363203907,0.5738588783680367,1.2192441978521327,0.8386858104564416,1.7751037614398482
D) nb_vessels_disease + others,is_diabetic,0.18690003368603356,0.22642926500647304,0.41987248926935805,-0.273616333896049,0.6285157977828876,1.205506768958096,0.7606238448733826,1.8748258925100414
D) nb_vessels_disease + others,is_male,0.14162520691491837,0.22800201553030885,0.5382227394399333,-0.302542590396326,0.609111436311894,1.1521447517201326,0.7389370159683702,1.83879678460718
D) nb_vessels_disease + others,age,-0.008337570058278324,0.008226922287302655,0.3173430840034146,-0.024804311659258706,0.007982770877339673,0.9916970910821719,0.9755007874821673,1.0080147181454393
D) nb_vessels_disease + others,bmi,-0.011178654666029013,0.02092989990932147,0.5972187860814107,-0.05401167278642771,0.029746907340053936,0.9888835943248022,0.9474210473937098,1.0301937664751244
D) nb_vessels_disease + others,lvef,0.009122535262422538,0.0074591432837254066,0.22940175796445028,-0.005767633162065988,0.023991214917770537,1.0091642724068786,0.9942489677028464,1.024281319455478
D) nb_vessels_disease + others,atcd_mi,0.8899643654006885,0.35537660875407445,0.013353716277101246,0.18479953492421336,1.6063614703001674,2.4350428779665547,1.2029772610267084,4.984641426325348
D) nb_vessels_disease + others,atcd_cabg,0.6727910919106823,0.4894390755804285,0.18239486615343814,-0.32877025404913635,1.631230312692218,1.9596993956439202,0.7198083708102262,5.110157944756355
D) nb_vessels_disease + others,atcd_pci,0.06701705339558767,0.3305675853327468,0.8425558343166191,-0.6136013288645417,0.7093179727159619,1.069313713448876,0.5413976031936109,2.0326044940722525
D) nb_vessels_disease + others,atcd_hf,-0.8237350899736211,0.6963763326534073,0.21214102339441865,-2.502138704163041,0.4170876940178779,0.43878967103611427,0.0819096306925263,1.5175355858929478
D) nb_vessels_disease + others,atcd_stroke,-0.9893743749478988,0.8540693311711232,0.20161798995917324,-3.224602047615416,0.4485998503396681,0.3718092314426975,0.03977160563270223,1.566117850273699
D) fmc_to_diagnosis_minutes + others,(Intercept),-3.80149857588097,1.0030239927506694,0.00016317492829465152,-5.81731836845923,-1.816500884594549,0.02233727266383327,0.002975573848125513,0.16259369079914043
D) fmc_to_diagnosis_minutes + others,fmc_to_diagnosis_minutes,0.00092264020498168,0.0023080389180189327,0.6989487646302857,-0.004387293446167019,0.005363186199246341,1.0009230659683876,0.9956223166664595,1.005377593827766
D) fmc_to_diagnosis_minutes + others,nb_vessels_disease,0.7394651184901352,0.11564358118318988,6.433209520650962e-11,0.5123640170094517,0.9738407427224507,2.094814737110063,1.6692326286289794,2.6480956068329955
D) fmc_to_diagnosis_minutes + others,dyslip,0.34330720618990457,0.18132167874888233,0.0606435433774245,-0.015289932649083241,0.7069097312375758,1.4096017337951487,0.984826364889487,2.02771538106576
D) fmc_to_diagnosis_minutes + others,kilip,-0.19404557327838584,0.11389537503449519,0.0833030869024286,-0.4338765249669324,0.02454779120366279,0.8236203683329352,0.6479922614117871,1.024851568826887
D) fmc_to_diagnosis_minutes + others,did_vf_occur,0.6019023174769447,0.33317441986052654,0.08666991742489694,-0.0908551445458942,1.2443549670464582,1.8255883478736652,0.9131499760738194,3.470695364278103
D) fmc_to_diagnosis_minutes + others,thrombectomy,0.14851243968166974,0.17662073043666898,0.4070276208855599,-0.20284209765931346,0.5003022378362861,1.1601072290492986,0.8164071438473117,1.6492196519606666
D) fmc_to_diagnosis_minutes + others,is_rcv,0.6129229699878771,0.17742075148864492,0.0007206907866140755,0.2592699224557562,0.9651327556494145,1.845818794286996,1.2959835726893847,2.6251361349952202
D) fmc_to_diagnosis_minutes + others,is_smoker,0.09420666461145391,0.18522012457702677,0.6154079102348576,-0.2716505255245032,0.4659769334629153,1.0987868028017258,0.7621205562371051,1.5935702407774839
D) fmc_to_diagnosis_minutes + others,hta,0.198231156812312,0.1883940427393974,0.2990448415971917,-0.17591912363202145,0.5738588783680356,1.2192441978521327,0.8386858104564564,1.7751037614398462
D) fmc_to_diagnosis_minutes + others,is_diabetic,0.18690003368603342,0.22642926500647304,0.4198724892693173,-0.27361633389603485,0.6285157977828744,1.2055067689580958,0.7606238448733934,1.8748258925100165
D) fmc_to_diagnosis_minutes + others,is_male,0.14162520691491845,0.22800201553030866,0.5382227394399941,-0.30254259039637055,0.6091114363118793,1.1521447517201329,0.7389370159683374,1.8387967846071527
D) fmc_to_diagnosis_minutes + others,age,-0.008337570058278312,0.00822692228730257,0.31734308400346956,-0.02480431165925816,0.007982770877339855,0.9916970910821719,0.9755007874821678,1.0080147181454395
D) fmc_to_diagnosis_minutes + others,bmi,-0.01117865466602894,0.020929899909321193,0.597218786081336,-0.05401167278642773,0.029746907340058266,0.9888835943248023,0.9474210473937098,1.0301937664751288
D) fmc_to_diagnosis_minutes + others,lvef,0.009122535262422526,0.007459143283725372,0.2294017579644687,-0.005767633162065532,0.023991214917770336,1.0091642724068786,0.9942489677028469,1.0242813194554778
D) fmc_to_diagnosis_minutes + others,atcd_mi,0.8899643654006885,0.3553766087540743,0.013353716277097805,0.18479953492420362,1.6063614703001359,2.4350428779665547,1.2029772610266967,4.984641426325191
D) fmc_to_diagnosis_minutes + others,atcd_cabg,0.6727910919106823,0.4894390755804285,0.18239486615343814,-0.328770254049167,1.6312303126922467,1.9596993956439202,0.7198083708102042,5.1101579447565015
D) fmc_to_diagnosis_minutes + others,atcd_pci,0.06701705339558757,0.3305675853327467,0.8425558343159475,-0.6136013288645527,0.7093179727159334,1.0693137134488757,0.5413976031936049,2.032604494072195
D) fmc_to_diagnosis_minutes + others,atcd_hf,-0.8237350899736213,0.6963763326534071,0.21214102339438534,-2.5021387041630425,0.4170876940178113,0.43878967103611416,0.08190963069252619,1.5175355858928468
D) fmc_to_diagnosis_minutes + others,atcd_stroke,-0.9893743749478989,0.8540693311711232,0.20161798995917324,-3.224602047615417,0.44859985033966737,0.37180923144269745,0.0397716056327022,1.5661178502736979
D) dyslip + others,(Intercept),-3.8014985758809643,1.0030239927506615,0.00016317492829465152,-5.817318368459183,-1.8165008845944122,0.0223372726638334,0.0029755738481256505,0.16259369079916267
D) dyslip + others,dyslip,0.34330720618990473,0.1813216787488823,0.060643543377420284,-0.015289932649083437,0.7069097312375864,1.409601733795149,0.9848263648894869,2.0277153810657818
D) dyslip + others,nb_vessels_disease,0.7394651184901354,0.11564358118318982,6.433209520650962e-11,0.5123640170094317,0.9738407427224577,2.0948147371100636,1.6692326286289458,2.6480956068330137
D) dyslip + others,fmc_to_diagnosis_minutes,0.0009226402049816779,0.002308038918018933,0.6989487646306122,-0.0043872934461671115,0.005363186199246616,1.0009230659683876,0.9956223166664594,1.0053775938277663
D) dyslip + others,kilip,-0.19404557327838604,0.11389537503449527,0.08330308690243449,-0.433876524966929,0.02454779120365664,0.8236203683329351,0.6479922614117893,1.0248515688268809
D) dyslip + others,did_vf_occur,0.6019023174769448,0.33317441986052654,0.08666991742490349,-0.09085514454590535,1.2443549670464398,1.8255883478736654,0.9131499760738092,3.470695364278039
D) dyslip + others,thrombectomy,0.14851243968166986,0.17662073043666898,0.4070276208857151,-0.20284209765930822,0.5003022378362968,1.1601072290492989,0.816407143847316,1.649219651960684
D) dyslip + others,is_rcv,0.6129229699878773,0.17742075148864492,0.0007206907866140755,0.25926992245573527,0.9651327556493937,1.8458187942869964,1.2959835726893576,2.6251361349951656
D) dyslip + others,is_smoker,0.09420666461145362,0.18522012457702688,0.6154079102350167,-0.27165052552451385,0.46597693346292074,1.0987868028017256,0.762120556237097,1.5935702407774925
D) dyslip + others,hta,0.19823115681231218,0.1883940427393971,0.299044841597217,-0.17591912363202136,0.5738588783680246,1.219244197852133,0.8386858104564564,1.7751037614398266
D) dyslip + others,is_diabetic,0.18690003368603345,0.22642926500647298,0.41987248926935805,-0.2736163338960623,0.6285157977828745,1.2055067689580958,0.7606238448733724,1.8748258925100167
D) dyslip + others,is_male,0.14162520691491814,0.22800201553030894,0.5382227394401161,-0.3025425903963706,0.6091114363118934,1.1521447517201324,0.7389370159683374,1.8387967846071787
D) dyslip + others,age,-0.008337570058278366,0.008226922287302573,0.3173430840035246,-0.024804311659258307,0.007982770877339942,0.9916970910821719,0.9755007874821677,1.0080147181454395
D) dyslip + others,bmi,-0.01117865466602903,0.020929899909320995,0.5972187860814853,-0.0540116727864271,0.029746907340052836,0.9888835943248022,0.9474210473937104,1.0301937664751233
D) dyslip + others,lvef,0.009122535262422526,0.00745914328372536,0.22940175796448692,-0.005767633162066717,0.023991214917771737,1.0091642724068786,0.9942489677028457,1.0242813194554794
D) dyslip + others,atcd_mi,0.8899643654006887,0.35537660875407456,0.01335371627710047,0.18479953492417192,1.6063614703001463,2.435042877966555,1.2029772610266585,4.984641426325243
D) dyslip + others,atcd_cabg,0.6727910919106822,0.4894390755804285,0.1823948661534801,-0.32877025404913585,1.6312303126922332,1.95969939564392,0.7198083708102266,5.110157944756432
D) dyslip + others,atcd_pci,0.06701705339558761,0.330567585332747,0.8425558343161713,-0.6136013288645527,0.7093179727159712,1.0693137134488757,0.5413976031936049,2.032604494072271
D) dyslip + others,atcd_hf,-0.8237350899736215,0.6963763326534071,0.2121410233944354,-2.5021387041631002,0.41708769401784523,0.43878967103611405,0.08190963069252145,1.5175355858928983
D) dyslip + others,atcd_stroke,-0.9893743749478987,0.8540693311711229,0.20161798995915747,-3.224602047615457,0.4485998503396865,0.37180923144269756,0.03977160563270061,1.5661178502737279
D) kilip + others,(Intercept),-3.8014985758809714,1.0030239927506763,0.00016317492829465152,-5.817318368459234,-1.8165008845945168,0.02233727266383324,0.0029755738481255,0.16259369079914568
D) kilip + others,kilip,-0.1940455732783861,0.1138953750344953,0.08330308690242294,-0.4338765249669514,0.024547791203653607,0.8236203683329351,0.6479922614117748,1.0248515688268778
D) kilip + others,nb_vessels_disease,0.7394651184901347,0.11564358118318979,6.433209520650962e-11,0.5123640170094049,0.9738407427224611,2.0948147371100623,1.6692326286289012,2.648095606833023
D) kilip + others,fmc_to_diagnosis_minutes,0.0009226402049816792,0.002308038918018932,0.6989487646302857,-0.004387293446166828,0.005363186199246274,1.0009230659683876,0.9956223166664597,1.005377593827766
D) kilip + others,dyslip,0.3433072061899046,0.18132167874888233,0.06064354337740785,-0.01528993264908823,0.7069097312375868,1.4096017337951487,0.9848263648894822,2.0277153810657826
D) kilip + others,did_vf_occur,0.6019023174769449,0.33317441986052637,0.08666991742488461,-0.09085514454595862,1.2443549670464766,1.8255883478736656,0.9131499760737606,3.470695364278167
D) kilip + others,thrombectomy,0.14851243968166963,0.17662073043666898,0.40702762088552114,-0.20284209765930805,0.5003022378362758,1.1601072290492986,0.8164071438473162,1.6492196519606495
D) kilip + others,is_rcv,0.6129229699878771,0.17742075148864492,0.0007206907866139645,0.25926992245574587,0.9651327556493988,1.845818794286996,1.2959835726893714,2.625136134995179
D) kilip + others,is_smoker,0.0942066646114539,0.18522012457702663,0.6154079102346985,-0.2716505255244914,0.46597693346292013,1.0987868028017258,0.762120556237114,1.5935702407774917
D) kilip + others,hta,0.1982311568123117,0.18839404273939755,0.29904484159716604,-0.1759191236320434,0.5738588783680463,1.2192441978521322,0.838685810456438,1.775103761439865
D) kilip + others,is_diabetic,0.18690003368603325,0.22642926500647304,0.41987248926935805,-0.27361633389604884,0.6285157977828872,1.2055067689580956,0.7606238448733827,1.8748258925100407
D) kilip + others,is_male,0.1416252069149185,0.22800201553030877,0.5382227394399941,-0.3025425903963445,0.6091114363118861,1.1521447517201329,0.7389370159683566,1.8387967846071653
D) kilip + others,age,-0.008337570058278301,0.008226922287302539,0.31734308400346956,-0.024804311659258126,0.007982770877339592,0.9916970910821719,0.975500787482168,1.0080147181454393
D) kilip + others,bmi,-0.011178654666028881,0.020929899909321405,0.5972187860814853,-0.054011672786426664,0.029746907340054293,0.9888835943248023,0.9474210473937108,1.0301937664751248
D) kilip + others,lvef,0.00912253526242254,0.007459143283725372,0.22940175796443207,-0.005767633162066899,0.02399121491777152,1.0091642724068786,0.9942489677028455,1.0242813194554792
D) kilip + others,atcd_mi,0.8899643654006887,0.35537660875407445,0.013353716277097027,0.18479953492419313,1.6063614703000928,2.435042877966555,1.202977261026684,4.984641426324976
D) kilip + others,atcd_cabg,0.6727910919106825,0.4894390755804284,0.18239486615343814,-0.3287702540491202,1.6312303126922187,1.9596993956439206,0.7198083708102379,5.1101579447563585
D) kilip + others,atcd_pci,0.06701705339558744,0.3305675853327469,0.8425558343159475,-0.6136013288645107,0.7093179727159515,1.0693137134488757,0.5413976031936276,2.032604494072231
D) kilip + others,atcd_hf,-0.8237350899736212,0.6963763326534073,0.2121410233944021,-2.502138704163072,0.41708769401786044,0.4387896710361142,0.08190963069252379,1.5175355858929214
D) kilip + others,atcd_stroke,-0.9893743749478988,0.8540693311711232,0.20161798995915747,-3.224602047615373,0.44859985033968536,0.3718092314426975,0.039771605632703946,1.566117850273726
D) did_vf_occur + others,(Intercept),-3.8014985758809683,1.0030239927506668,0.00016317492829465152,-5.817318368459341,-1.8165008845944526,0.02233727266383331,0.002975573848125183,0.1625936907991561
D) did_vf_occur + others,did_vf_occur,0.6019023174769449,0.3331744198605265,0.08666991742490349,-0.09085514454596967,1.24435496704644,1.8255883478736656,0.9131499760737505,3.47069536427804
D) did_vf_occur + others,nb_vessels_disease,0.7394651184901354,0.1156435811831898,6.433209520650962e-11,0.512364017009411,0.9738407427224613,2.0948147371100636,1.6692326286289114,2.6480956068330235
D) did_vf_occur + others,fmc_to_diagnosis_minutes,0.0009226402049816793,0.0023080389180189327,0.6989487646303945,-0.00438729344616702,0.005363186199246274,1.0009230659683876,0.9956223166664595,1.005377593827766
D) did_vf_occur + others,dyslip,0.34330720618990473,0.18132167874888228,0.06064354337740785,-0.015289932649098831,0.7069097312375816,1.409601733795149,0.9848263648894717,2.027715381065772
D) did_vf_occur + others,kilip,-0.1940455732783861,0.11389537503449511,0.08330308690241106,-0.43387652496692847,0.024547791203662885,0.8236203683329351,0.6479922614117897,1.0248515688268873
D) did_vf_occur + others,thrombectomy,0.14851243968166972,0.17662073043666898,0.4070276208856375,-0.2028420976593185,0.500302237836302,1.1601072290492986,0.8164071438473076,1.6492196519606928
D) did_vf_occur + others,is_rcv,0.6129229699878771,0.1774207514886449,0.0007206907866139645,0.259269922455746,0.9651327556494199,1.845818794286996,1.2959835726893716,2.6251361349952345
D) did_vf_occur + others,is_smoker,0.09420666461145363,0.18522012457702675,0.6154079102348576,-0.27165052552450264,0.46597693346292735,1.0987868028017256,0.7621205562371055,1.5935702407775032
D) did_vf_occur + others,hta,0.19823115681231188,0.18839404273939714,0.2990448415971917,-0.17591912363202694,0.5738588783680465,1.2192441978521324,0.8386858104564517,1.7751037614398655
D) did_vf_occur + others,is_diabetic,0.1869000336860332,0.22642926500647298,0.4198724892693173,-0.2736163338960417,0.6285157977829385,1.2055067689580956,0.7606238448733882,1.8748258925101369
D) did_vf_occur + others,is_male,0.14162520691491784,0.22800201553030872,0.5382227394399941,-0.3025425903963698,0.6091114363118731,1.152144751720132,0.7389370159683379,1.8387967846071416
D) did_vf_occur + others,age,-0.008337570058278353,0.008226922287302488,0.3173430840034972,-0.02480431165925951,0.007982770877339654,0.9916970910821719,0.9755007874821665,1.0080147181454393
D) did_vf_occur + others,bmi,-0.011178654666028872,0.020929899909321134,0.5972187860814853,-0.05401167278642573,0.029746907340056847,0.9888835943248023,0.9474210473937117,1.0301937664751275
D) did_vf_occur + others,lvef,0.009122535262422519,0.007459143283725373,0.2294017579644687,-0.005767633162065999,0.02399121491777108,1.0091642724068786,0.9942489677028464,1.0242813194554787
D) did_vf_occur + others,atcd_mi,0.8899643654006887,0.35537660875407445,0.013353716277102134,0.1847995349241515,1.6063614703001134,2.435042877966555,1.2029772610266338,4.984641426325079
D) did_vf_occur + others,atcd_cabg,0.6727910919106825,0.4894390755804285,0.182394866153466,-0.3287702540491206,1.6312303126922474,1.9596993956439206,0.7198083708102376,5.110157944756505
D) did_vf_occur + others,atcd_pci,0.06701705339558749,0.3305675853327469,0.8425558343161713,-0.6136013288645628,0.709317972715961,1.0693137134488757,0.5413976031935994,2.0326044940722507
D) did_vf_occur + others,atcd_hf,-0.8237350899736214,0.6963763326534071,0.2121410233944354,-2.5021387041631895,0.4170876940178289,0.4387896710361141,0.08190963069251414,1.5175355858928736
D) did_vf_occur + others,atcd_stroke,-0.9893743749478989,0.8540693311711229,0.20161798995915747,-3.2246020476153268,0.4485998503397043,0.37180923144269745,0.039771605632705785,1.5661178502737558
D) thrombectomy + others,(Intercept),-3.801498575880967,1.003023992750657,0.00016317492829465152,-5.817318368459195,-1.8165008845944932,0.02233727266383334,0.002975573848125616,0.16259369079914948
D) thrombectomy + others,thrombectomy,0.14851243968166955,0.176620730436669,0.40702762088552114,-0.2028420976593237,0.500302237836271,1.1601072290492984,0.8164071438473034,1.6492196519606417
D) thrombectomy + others,nb_vessels_disease,0.7394651184901346,0.11564358118318982,6.433209520650962e-11,0.5123640170094175,0.9738407427224511,2.0948147371100623,1.669232628628922,2.6480956068329964
D) thrombectomy + others,fmc_to_diagnosis_minutes,0.0009226402049816815,0.0023080389180189335,0.6989487646303945,-0.004387293446166741,0.005363186199246337,1.0009230659683876,0.9956223166664598,1.005377593827766
D) thrombectomy + others,dyslip,0.3433072061899045,0.18132167874888233,0.060643543377404074,-0.01528993264909357,0.7069097312375486,1.4096017337951485,0.984826364889477,2.027715381065705
D) thrombectomy + others,kilip,-0.19404557327838617,0.11389537503449526,0.08330308690241106,-0.4338765249669331,0.02454779120366342,0.823620368332935,0.6479922614117867,1.0248515688268878
D) thrombectomy + others,did_vf_occur,0.601902317476945,0.3331744198605264,0.08666991742486041,-0.09085514454591594,1.2443549670464122,1.8255883478736659,0.9131499760737996,3.4706953642779435
D) thrombectomy + others,is_rcv,0.612922969987877,0.17742075148864495,0.0007206907866138534,0.25926992245576685,0.9651327556493938,1.8458187942869957,1.2959835726893985,2.6251361349951656
D) thrombectomy + others,is_smoker,0.09420666461145416,0.18522012457702663,0.6154079102345393,-0.27165052552447483,0.46597693346299274,1.0987868028017262,0.7621205562371267,1.5935702407776073
D) thrombectomy + others,hta,0.1982311568123119,0.18839404273939714,0.2990448415971406,-0.17591912363203155,0.5738588783680963,1.2192441978521324,0.8386858104564479,1.7751037614399539
D) thrombectomy + others,is_diabetic,0.18690003368603364,0.2264292650064731,0.4198724892693173,-0.2736163338960136,0.628515797782881,1.205506768958096,0.7606238448734095,1.874825892510029
D) thrombectomy + others,is_male,0.14162520691491826,0.22800201553030897,0.5382227394399333,-0.30254259039633113,0.6091114363118724,1.1521447517201326,0.7389370159683665,1.83879678460714
D) thrombectomy + others,age,-0.008337570058278305,0.008226922287302466,0.31734308400344213,-0.024804311659257304,0.007982770877339769,0.9916970910821719,0.9755007874821687,1.0080147181454395
D) thrombectomy + others,bmi,-0.011178654666029006,0.020929899909321197,0.597218786081336,-0.05401167278642419,0.029746907340057138,0.9888835943248022,0.9474210473937131,1.0301937664751277
D) thrombectomy + others,lvef,0.009122535262422527,0.007459143283725397,0.22940175796445028,-0.005767633162065768,0.023991214917769944,1.0091642724068786,0.9942489677028467,1.0242813194554774
D) thrombectomy + others,atcd_mi,0.8899643654006882,0.35537660875407456,0.013353716277099581,0.1847995349241717,1.606361470300114,2.4350428779665543,1.2029772610266583,4.984641426325082
D) thrombectomy + others,atcd_cabg,0.6727910919106824,0.4894390755804284,0.18239486615343814,-0.32877025404912014,1.6312303126922187,1.9596993956439204,0.719808370810238,5.1101579447563585
D) thrombectomy + others,atcd_pci,0.06701705339558792,0.3305675853327469,0.8425558343157236,-0.6136013288645312,0.7093179727159526,1.0693137134488762,0.5413976031936165,2.032604494072234
D) thrombectomy + others,atcd_hf,-0.8237350899736211,0.6963763326534073,0.2121410233944021,-2.5021387041631025,0.4170876940177949,0.43878967103611427,0.08190963069252127,1.517535585892822
D) thrombectomy + others,atcd_stroke,-0.9893743749478987,0.8540693311711232,0.20161798995915747,-3.2246020476153303,0.44859985033966704,0.37180923144269756,0.039771605632705646,1.5661178502736974
D) is_rcv + others,(Intercept),-3.8014985758809714,1.0030239927506723,0.00016317492829465152,-5.817318368459219,-1.816500884594525,0.02233727266383324,0.0029755738481255446,0.16259369079914432
D) is_rcv + others,is_rcv,0.6129229699878772,0.17742075148864497,0.0007206907866140755,0.259269922455751,0.9651327556493937,1.8458187942869961,1.295983572689378,2.6251361349951656
D) is_rcv + others,nb_vessels_disease,0.7394651184901353,0.11564358118318971,6.433209520650962e-11,0.5123640170094502,0.9738407427224334,2.0948147371100636,1.669232628628977,2.6480956068329493
D) is_rcv + others,fmc_to_diagnosis_minutes,0.00092264020498168,0.0023080389180189327,0.6989487646301769,-0.004387293446166649,0.005363186199246475,1.0009230659683876,0.99562231666646,1.005377593827766
D) is_rcv + others,dyslip,0.34330720618990496,0.18132167874888233,0.06064354337740785,-0.015289932649082925,0.7069097312376081,1.4096017337951492,0.9848263648894874,2.0277153810658257
D) is_rcv + others,kilip,-0.19404557327838612,0.11389537503449526,0.08330308690241717,-0.43387652496692153,0.024547791203659526,0.823620368332935,0.6479922614117941,1.0248515688268838
D) is_rcv + others,did_vf_occur,0.6019023174769451,0.33317441986052654,0.08666991742487895,-0.09085514454589437,1.2443549670464495,1.825588347873666,0.9131499760738193,3.4706953642780727
D) is_rcv + others,thrombectomy,0.14851243968166986,0.17662073043666907,0.4070276208854823,-0.20284209765931355,0.5003022378362969,1.1601072290492989,0.8164071438473117,1.6492196519606843
D) is_rcv + others,is_smoker,0.09420666461145412,0.18522012457702694,0.6154079102346985,-0.27165052552452346,0.4659769334629979,1.098786802801726,0.7621205562370896,1.5935702407776156
D) is_rcv + others,hta,0.19823115681231177,0.18839404273939717,0.2990448415971917,-0.17591912363203266,0.5738588783680467,1.2192441978521324,0.838685810456447,1.7751037614398657
D) is_rcv + others,is_diabetic,0.18690003368603364,0.22642926500647315,0.41987248926935805,-0.273616333896042,0.6285157977829258,1.205506768958096,0.760623844873388,1.874825892510113
D) is_rcv + others,is_male,0.14162520691491867,0.2280020155303088,0.5382227394399941,-0.3025425903963511,0.6091114363118721,1.152144751720133,0.7389370159683517,1.8387967846071398
D) is_rcv + others,age,-0.008337570058278287,0.00822692228730256,0.31734308400346956,-0.024804311659257762,0.00798277087733995,0.991697091082172,0.9755007874821683,1.0080147181454395
D) is_rcv + others,bmi,-0.011178654666028983,0.020929899909321398,0.5972187860812614,-0.054011672786427364,0.029746907340056052,0.9888835943248022,0.9474210473937101,1.0301937664751266
D) is_rcv + others,lvef,0.009122535262422538,0.007459143283725407,0.22940175796448692,-0.005767633162065904,0.02399121491777044,1.0091642724068786,0.9942489677028464,1.024281319455478
D) is_rcv + others,atcd_mi,0.8899643654006886,0.3553766087540747,0.013353716277099581,0.1847995349242138,1.6063614703001572,2.4350428779665547,1.2029772610267089,4.984641426325298
D) is_rcv + others,atcd_cabg,0.6727910919106822,0.4894390755804285,0.18239486615342415,-0.3287702540491199,1.6312303126922334,1.95969939564392,0.7198083708102381,5.110157944756433
D) is_rcv + others,atcd_pci,0.06701705339558764,0.3305675853327471,0.8425558343159475,-0.6136013288645314,0.709317972715952,1.0693137134488757,0.5413976031936164,2.032604494072232
D) is_rcv + others,atcd_hf,-0.8237350899736213,0.6963763326534073,0.2121410233944021,-2.5021387041630705,0.4170876940177957,0.43878967103611416,0.0819096306925239,1.5175355858928232
D) is_rcv + others,atcd_stroke,-0.9893743749478991,0.8540693311711233,0.2016179899591417,-3.2246020476152837,0.4485998503396493,0.3718092314426974,0.0397716056327075,1.5661178502736697
D) is_smoker + others,(Intercept),-3.8014985758809727,1.0030239927506377,0.00016317492829465152,-5.817318368459292,-1.8165008845945607,0.02233727266383321,0.0029755738481253282,0.16259369079913852
D) is_smoker + others,is_smoker,0.09420666461145424,0.18522012457702652,0.6154079102348576,-0.2716505255245077,0.4659769334629984,1.0987868028017262,0.7621205562371017,1.5935702407776164
D) is_smoker + others,nb_vessels_disease,0.7394651184901354,0.11564358118318961,6.433209520650962e-11,0.5123640170094277,0.9738407427224574,2.0948147371100636,1.6692326286289392,2.648095606833013
D) is_smoker + others,fmc_to_diagnosis_minutes,0.0009226402049816805,0.002308038918018933,0.6989487646302857,-0.004387293446166929,0.005363186199246278,1.0009230659683876,0.9956223166664596,1.005377593827766
D) is_smoker + others,dyslip,0.34330720618990485,0.18132167874888222,0.060643543377404074,-0.015289932649104167,0.706909731237576,1.409601733795149,0.9848263648894665,2.0277153810657604
D) is_smoker + others,kilip,-0.1940455732783861,0.11389537503449527,0.08330308690241717,-0.43387652496694323,0.024547791203656723,0.8236203683329351,0.6479922614117801,1.0248515688268809
D) is_smoker + others,did_vf_occur,0.601902317476945,0.3331744198605265,0.08666991742487895,-0.09085514454594862,1.244354967046449,1.8255883478736659,0.9131499760737698,3.4706953642780713
D) is_smoker + others,thrombectomy,0.14851243968166988,0.17662073043666893,0.4070276208854823,-0.20284209765930797,0.500302237836281,1.1601072290492989,0.8164071438473163,1.6492196519606581
D) is_smoker + others,is_rcv,0.6129229699878771,0.1774207514886449,0.0007206907866139645,0.25926992245574076,0.9651327556493939,1.845818794286996,1.2959835726893647,2.625136134995166
D) is_smoker + others,hta,0.19823115681231185,0.18839404273939717,0.29904484159716604,-0.17591912363202633,0.5738588783680354,1.2192441978521324,0.8386858104564523,1.7751037614398457
D) is_smoker + others,is_diabetic,0.18690003368603345,0.2264292650064729,0.4198724892693173,-0.2736163338960485,0.628515797782875,1.2055067689580958,0.760623844873383,1.8748258925100179
D) is_smoker + others,is_male,0.14162520691491826,0.2280020155303087,0.5382227394399333,-0.302542590396345,0.6091114363118799,1.1521447517201326,0.7389370159683563,1.838796784607154
D) is_smoker + others,age,-0.008337570058278315,0.008226922287302403,0.31734308400346956,-0.02480431165925832,0.007982770877340464,0.9916970910821719,0.9755007874821677,1.0080147181454402
D) is_smoker + others,bmi,-0.011178654666028858,0.020929899909321058,0.597218786081336,-0.054011672786426886,0.029746907340052853,0.9888835943248023,0.9474210473937106,1.0301937664751233
D) is_smoker + others,lvef,0.009122535262422533,0.007459143283725349,0.22940175796445028,-0.005767633162065155,0.023991214917769906,1.0091642724068786,0.9942489677028472,1.0242813194554774
D) is_smoker + others,atcd_mi,0.8899643654006887,0.3553766087540745,0.01335371627709614,0.1847995349242242,1.606361470300135,2.435042877966555,1.2029772610267213,4.984641426325187
D) is_smoker + others,atcd_cabg,0.6727910919106825,0.48943907558042854,0.18239486615343814,-0.3287702540491361,1.631230312692205,1.9596993956439206,0.7198083708102264,5.110157944756288
D) is_smoker + others,atcd_pci,0.06701705339558753,0.33056758533274694,0.8425558343159475,-0.6136013288645515,0.7093179727159893,1.0693137134488757,0.5413976031936055,2.032604494072308
D) is_smoker + others,atcd_hf,-0.8237350899736213,0.6963763326534073,0.21214102339438534,-2.502138704163131,0.417087694017812,0.43878967103611416,0.08190963069251894,1.5175355858928479
D) is_smoker + others,atcd_stroke,-0.989374374947899,0.8540693311711232,0.20161798995915747,-3.224602047615412,0.44859985033965,0.37180923144269745,0.03977160563270239,1.5661178502736708
D) hta + others,(Intercept),-3.8014985758809687,1.0030239927506557,0.00016317492829465152,-5.817318368458938,-1.8165008845944908,0.0223372726638333,0.00297557384812638,0.1625936907991499
D) hta + others,hta,0.1982311568123118,0.18839404273939733,0.2990448415971406,-0.1759191236320267,0.5738588783680192,1.2192441978521324,0.838685810456452,1.7751037614398169
D) hta + others,nb_vessels_disease,0.7394651184901351,0.11564358118318986,6.433209520650962e-11,0.5123640170094101,0.9738407427224474,2.094814737110063,1.6692326286289099,2.6480956068329866
D) hta + others,fmc_to_diagnosis_minutes,0.0009226402049816772,0.0023080389180189327,0.6989487646301769,-0.004387293446166374,0.005363186199246407,1.0009230659683876,0.9956223166664602,1.005377593827766
D) hta + others,dyslip,0.3433072061899047,0.18132167874888233,0.060643543377404074,-0.015289932649099286,0.7069097312375482,1.4096017337951487,0.9848263648894713,2.027715381065704
D) hta + others,kilip,-0.1940455732783861,0.11389537503449515,0.08330308690241106,-0.4338765249669216,0.02454779120365946,0.8236203683329351,0.6479922614117941,1.0248515688268838
D) hta + others,did_vf_occur,0.6019023174769449,0.3331744198605265,0.08666991742488461,-0.09085514454587326,1.24435496704644,1.8255883478736656,0.9131499760738385,3.47069536427804
D) hta + others,thrombectomy,0.1485124396816698,0.17662073043666893,0.40702762088559863,-0.20284209765931352,0.5003022378362549,1.1601072290492989,0.8164071438473117,1.649219651960615
D) hta + others,is_rcv,0.6129229699878771,0.1774207514886449,0.0007206907866139645,0.25926992245576136,0.9651327556493935,1.845818794286996,1.2959835726893913,2.6251361349951647
D) hta + others,is_smoker,0.09420666461145379,0.18522012457702677,0.6154079102346985,-0.27165052552447105,0.4659769334629705,1.0987868028017258,0.7621205562371296,1.5935702407775718
D) hta + others,is_diabetic,0.18690003368603358,0.22642926500647287,0.4198724892693173,-0.2736163338960142,0.6285157977828938,1.205506768958096,0.7606238448734091,1.874825892510053
D) hta + others,is_male,0.14162520691491817,0.2280020155303088,0.5382227394398722,-0.3025425903963385,0.6091114363119079,1.1521447517201324,0.738937015968361,1.8387967846072055
D) hta + others,age,-0.008337570058278317,0.008226922287302573,0.31734308400344213,-0.02480431165925739,0.007982770877339247,0.9916970910821719,0.9755007874821686,1.0080147181454389
D) hta + others,bmi,-0.011178654666028982,0.020929899909320863,0.5972187860812614,-0.05401167278642223,0.02974690734005713,0.9888835943248022,0.947421047393715,1.0301937664751277
D) hta + others,lvef,0.009122535262422548,0.007459143283725384,0.22940175796445028,-0.005767633162064737,0.023991214917769926,1.0091642724068786,0.9942489677028477,1.0242813194554774
D) hta + others,atcd_mi,0.8899643654006882,0.3553766087540743,0.013353716277097805,0.18479953492420273,1.6063614703001245,2.4350428779665543,1.2029772610266956,4.984641426325135
D) hta + others,atcd_cabg,0.6727910919106828,0.4894390755804285,0.18239486615345202,-0.3287702540491205,1.6312303126922614,1.959699395643921,0.7198083708102376,5.110157944756576
D) hta + others,atcd_pci,0.06701705339558786,0.3305675853327468,0.8425558343157236,-0.6136013288645207,0.7093179727159438,1.0693137134488762,0.5413976031936222,2.0326044940722157
D) hta + others,atcd_hf,-0.8237350899736208,0.6963763326534071,0.21214102339433516,-2.5021387041630425,0.4170876940177964,0.4387896710361144,0.08190963069252619,1.5175355858928241
D) hta + others,atcd_stroke,-0.9893743749478986,0.8540693311711232,0.20161798995912605,-3.224602047615325,0.4485998503396316,0.3718092314426976,0.039771605632705855,1.566117850273642
D) is_diabetic + others,(Intercept),-3.801498575880968,1.0030239927506845,0.00016317492829465152,-5.817318368459331,-1.8165008845945334,0.02233727266383332,0.002975573848125212,0.16259369079914296
D) is_diabetic + others,is_diabetic,0.18690003368603356,0.22642926500647304,0.41987248926935805,-0.2736163338960556,0.6285157977829193,1.205506768958096,0.7606238448733775,1.874825892510101
D) is_diabetic + others,nb_vessels_disease,0.7394651184901353,0.11564358118318983,6.433209520650962e-11,0.5123640170094407,0.9738407427224436,2.0948147371100636,1.669232628628961,2.6480956068329764
D) is_diabetic + others,fmc_to_diagnosis_minutes,0.000922640204981679,0.0023080389180189327,0.6989487646301769,-0.004387293446166739,0.005363186199246477,1.0009230659683876,0.9956223166664598,1.005377593827766
D) is_diabetic + others,dyslip,0.3433072061899047,0.18132167874888233,0.060643543377404074,-0.015289932649088263,0.7069097312375706,1.4096017337951487,0.9848263648894822,2.0277153810657498
D) is_diabetic + others,kilip,-0.1940455732783859,0.11389537503449532,0.08330308690244026,-0.4338765249669323,0.024547791203659765,0.8236203683329352,0.6479922614117872,1.024851568826884
D) is_diabetic + others,did_vf_occur,0.6019023174769447,0.33317441986052637,0.08666991742487895,-0.09085514454592665,1.2443549670464122,1.8255883478736652,0.9131499760737898,3.4706953642779435
D) is_diabetic + others,thrombectomy,0.14851243968166977,0.17662073043666907,0.4070276208854823,-0.2028420976593083,0.500302237836286,1.1601072290492989,0.8164071438473159,1.6492196519606663
D) is_diabetic + others,is_rcv,0.6129229699878771,0.1774207514886449,0.0007206907866139645,0.2592699224557616,0.965132755649399,1.845818794286996,1.2959835726893918,2.6251361349951794
D) is_diabetic + others,is_smoker,0.0942066646114539,0.18522012457702688,0.6154079102349372,-0.27165052552448576,0.4659769334630034,1.0987868028017258,0.7621205562371184,1.5935702407776244
D) is_diabetic + others,hta,0.19823115681231188,0.1883940427393976,0.2990448415971917,-0.17591912363205897,0.5738588783680344,1.2192441978521324,0.8386858104564249,1.775103761439844
D) is_diabetic + others,is_male,0.1416252069149183,0.22800201553030888,0.5382227394399333,-0.3025425903963318,0.6091114363118725,1.1521447517201326,0.738937015968366,1.8387967846071402
D) is_diabetic + others,age,-0.008337570058278322,0.008226922287302586,0.3173430840034972,-0.024804311659257963,0.007982770877339418,0.9916970910821719,0.9755007874821681,1.008014718145439
D) is_diabetic + others,bmi,-0.011178654666028923,0.02092989990932134,0.5972187860814853,-0.054011672786426844,0.02974690734005548,0.9888835943248023,0.9474210473937106,1.030193766475126
D) is_diabetic + others,lvef,0.009122535262422484,0.007459143283725443,0.22940175796450524,-0.005767633162065658,0.023991214917769097,1.0091642724068786,0.9942489677028468,1.0242813194554765
D) is_diabetic + others,atcd_mi,0.8899643654006885,0.35537660875407456,0.013353716277098693,0.18479953492420395,1.6063614703001354,2.4350428779665547,1.202977261026697,4.984641426325189
D) is_diabetic + others,atcd_cabg,0.6727910919106824,0.4894390755804285,0.18239486615345202,-0.32877025404915095,1.6312303126922045,1.9596993956439204,0.7198083708102158,5.110157944756286
D) is_diabetic + others,atcd_pci,0.06701705339558775,0.3305675853327469,0.8425558343161713,-0.6136013288645001,0.7093179727159334,1.069313713448876,0.5413976031936333,2.032604494072195
D) is_diabetic + others,atcd_hf,-0.823735089973622,0.6963763326534073,0.2121410233943687,-2.5021387041630745,0.41708769401790957,0.4387896710361139,0.08190963069252356,1.517535585892996
D) is_diabetic + others,atcd_stroke,-0.9893743749478988,0.8540693311711233,0.2016179899591417,-3.22460204761533,0.44859985033965094,0.3718092314426975,0.03977160563270566,1.5661178502736721
D) is_male + others,(Intercept),-3.8014985758809714,1.0030239927506683,0.00016317492829465152,-5.8173183684592775,-1.8165008845945614,0.02233727266383324,0.0029755738481253703,0.1625936907991384
D) is_male + others,is_male,0.14162520691491837,0.22800201553030883,0.5382227394399333,-0.30254259039635106,0.6091114363118724,1.1521447517201326,0.7389370159683518,1.83879678460714
D) is_male + others,nb_vessels_disease,0.7394651184901353,0.11564358118318985,6.433209520650962e-11,0.5123640170094439,0.9738407427224508,2.0948147371100636,1.6692326286289663,2.6480956068329955
D) is_male + others,fmc_to_diagnosis_minutes,0.0009226402049816813,0.002308038918018933,0.6989487646301769,-0.0043872934461667385,0.005363186199246344,1.0009230659683876,0.9956223166664598,1.005377593827766
D) is_male + others,dyslip,0.3433072061899049,0.18132167874888233,0.06064354337740785,-0.01528993264909891,0.7069097312375707,1.4096017337951492,0.9848263648894716,2.0277153810657498
D) is_male + others,kilip,-0.19404557327838604,0.1138953750344952,0.0833030869024286,-0.4338765249669247,0.024547791203659488,0.8236203683329351,0.6479922614117921,1.0248515688268838
D) is_male + others,did_vf_occur,0.601902317476945,0.3331744198605264,0.08666991742486663,-0.09085514454589462,1.2443549670464304,1.8255883478736659,0.9131499760738191,3.4706953642780065
D) is_male + others,thrombectomy,0.14851243968166986,0.17662073043666904,0.40702762088559863,-0.202842097659308,0.5003022378362917,1.1601072290492989,0.8164071438473162,1.6492196519606757
D) is_male + others,is_rcv,0.6129229699878773,0.17742075148864492,0.0007206907866139645,0.2592699224557616,0.965132755649399,1.8458187942869964,1.2959835726893918,2.6251361349951794
D) is_male + others,is_smoker,0.09420666461145387,0.18522012457702694,0.615407910234778,-0.2716505255245021,0.46597693346290886,1.0987868028017258,0.762120556237106,1.5935702407774737
D) is_male + others,hta,0.1982311568123118,0.18839404273939725,0.29904484159716604,-0.1759191236320266,0.5738588783680519,1.2192441978521324,0.8386858104564521,1.775103761439875
D) is_male + others,is_diabetic,0.1869000336860335,0.22642926500647287,0.41987248926935805,-0.27361633389603507,0.6285157977828614,1.205506768958096,0.7606238448733932,1.874825892509992
D) is_male + others,age,-0.008337570058278308,0.008226922287302589,0.3173430840034972,-0.024804311659257828,0.007982770877339795,0.9916970910821719,0.9755007874821682,1.0080147181454395
D) is_male + others,bmi,-0.011178654666028947,0.020929899909321002,0.597218786081336,-0.05401167278642501,0.029746907340055084,0.9888835943248023,0.9474210473937124,1.0301937664751255
D) is_male + others,lvef,0.009122535262422552,0.007459143283725396,0.2294017579644687,-0.0057676331620662635,0.023991214917771102,1.0091642724068786,0.9942489677028461,1.0242813194554787
D) is_male + others,atcd_mi,0.8899643654006886,0.3553766087540744,0.013353716277098693,0.18479953492419332,1.6063614703001567,2.4350428779665547,1.2029772610266842,4.984641426325295
D) is_male + others,atcd_cabg,0.6727910919106823,0.4894390755804286,0.18239486615343814,-0.32877025404915095,1.6312303126922194,1.9596993956439202,0.7198083708102158,5.110157944756362
D) is_male + others,atcd_pci,0.0670170533955875,0.33056758533274677,0.8425558343163952,-0.6136013288645317,0.7093179727159518,1.0693137134488757,0.5413976031936163,2.0326044940722316
D) is_male + others,atcd_hf,-0.8237350899736211,0.6963763326534073,0.2121410233944021,-2.5021387041630723,0.4170876940178451,0.43878967103611427,0.08190963069252374,1.5175355858928983
D) is_male + others,atcd_stroke,-0.9893743749478989,0.8540693311711233,0.2016179899591417,-3.2246020476153703,0.44859985033972327,0.37180923144269745,0.03977160563270405,1.5661178502737856
D) age + others,(Intercept),-3.8014985758809767,1.0030239927506697,0.00016317492829465152,-5.817318368459165,-1.816500884594473,0.022337272663833122,0.002975573848125706,0.16259369079915278
D) age + others,age,-0.008337570058278287,0.008226922287302587,0.31734308400346956,-0.024804311659257873,0.0079827708773406,0.991697091082172,0.9755007874821682,1.0080147181454402
D) age + others,nb_vessels_disease,0.7394651184901357,0.11564358118318985,6.433209520650962e-11,0.5123640170094512,0.97384074272243,2.0948147371100645,1.6692326286289785,2.648095606832941
D) age + others,fmc_to_diagnosis_minutes,0.00092264020498168,0.0023080389180189327,0.6989487646305034,-0.004387293446167018,0.00536318619924668,1.0009230659683876,0.9956223166664595,1.0053775938277663
D) age + others,dyslip,0.34330720618990473,0.18132167874888233,0.06064354337741629,-0.015289932649083116,0.7069097312375378,1.409601733795149,0.9848263648894873,2.027715381065683
D) age + others,kilip,-0.19404557327838598,0.11389537503449515,0.08330308690242294,-0.43387652496692486,0.02454779120365651,0.8236203683329351,0.647992261411792,1.0248515688268807
D) age + others,did_vf_occur,0.6019023174769451,0.3331744198605265,0.08666991742487895,-0.09085514454596952,1.2443549670464218,1.825588347873666,0.9131499760737507,3.4706953642779763
D) age + others,thrombectomy,0.14851243968166974,0.17662073043666895,0.4070276208855599,-0.20284209765931346,0.5003022378362861,1.1601072290492986,0.8164071438473117,1.6492196519606666
D) age + others,is_rcv,0.6129229699878772,0.1774207514886449,0.0007206907866139645,0.25926992245575636,0.9651327556493937,1.8458187942869961,1.295983572689385,2.6251361349951656
D) age + others,is_smoker,0.09420666461145409,0.18522012457702686,0.615407910234778,-0.271650525524502,0.46597693346293145,1.098786802801726,0.7621205562371061,1.5935702407775096
D) age + others,hta,0.19823115681231154,0.18839404273939722,0.2990448415971917,-0.17591912363203802,0.5738588783680355,1.219244197852132,0.8386858104564424,1.775103761439846
D) age + others,is_diabetic,0.18690003368603325,0.22642926500647306,0.41987248926927667,-0.27361633389604184,0.6285157977828684,1.2055067689580956,0.7606238448733881,1.8748258925100052
D) age + others,is_male,0.1416252069149186,0.22800201553030866,0.5382227394398722,-0.302542590396364,0.6091114363118945,1.1521447517201329,0.7389370159683422,1.8387967846071807
D) age + others,bmi,-0.01117865466602881,0.0209298999093212,0.5972187860815599,-0.05401167278642718,0.029746907340056607,0.9888835943248024,0.9474210473937102,1.0301937664751273
D) age + others,lvef,0.009122535262422536,0.007459143283725383,0.2294017579644687,-0.005767633162065956,0.023991214917769888,1.0091642724068786,0.9942489677028464,1.0242813194554774
D) age + others,atcd_mi,0.8899643654006885,0.35537660875407456,0.013353716277099581,0.18479953492418302,1.606361470300093,2.4350428779665547,1.2029772610266718,4.984641426324978
D) age + others,atcd_cabg,0.6727910919106822,0.4894390755804285,0.18239486615345202,-0.32877025404913596,1.631230312692219,1.95969939564392,0.7198083708102265,5.110157944756359
D) age + others,atcd_pci,0.06701705339558775,0.3305675853327471,0.8425558343159475,-0.6136013288645523,0.7093179727159517,1.069313713448876,0.5413976031936051,2.0326044940722316
D) age + others,atcd_hf,-0.8237350899736214,0.6963763326534071,0.2121410233943687,-2.5021387041631904,0.4170876940178287,0.4387896710361141,0.08190963069251407,1.5175355858928732
D) age + others,atcd_stroke,-0.9893743749478989,0.8540693311711232,0.20161798995915747,-3.224602047615287,0.44859985033966815,0.37180923144269745,0.039771605632707374,1.5661178502736992
D) bmi + others,(Intercept),-3.8014985758809647,1.0030239927506648,0.00016317492829465152,-5.817318368459288,-1.8165008845944826,0.02233727266383339,0.0029755738481253386,0.16259369079915123
D) bmi + others,bmi,-0.011178654666029035,0.02092989990932092,0.5972187860814853,-0.05401167278642811,0.029746907340051195,0.9888835943248022,0.9474210473937094,1.0301937664751215
D) bmi + others,nb_vessels_disease,0.7394651184901356,0.11564358118318982,6.433209520650962e-11,0.5123640170094477,0.9738407427224578,2.094814737110064,1.6692326286289725,2.648095606833014
D) bmi + others,fmc_to_diagnosis_minutes,0.0009226402049816809,0.002308038918018933,0.6989487646303945,-0.004387293446166918,0.005363186199246417,1.0009230659683876,0.9956223166664596,1.005377593827766
D) bmi + others,dyslip,0.3433072061899048,0.1813216787488824,0.06064354337740785,-0.015289932649099405,0.7069097312375758,1.409601733795149,0.9848263648894712,2.02771538106576
D) bmi + others,kilip,-0.19404557327838592,0.11389537503449526,0.0833030869024286,-0.4338765249669252,0.02454779120365373,0.8236203683329352,0.6479922614117918,1.0248515688268778
D) bmi + others,did_vf_occur,0.6019023174769447,0.3331744198605265,0.08666991742487296,-0.09085514454595846,1.2443549670464218,1.8255883478736652,0.9131499760737608,3.4706953642779763
D) bmi + others,thrombectomy,0.1485124396816698,0.17662073043666904,0.40702762088559863,-0.20284209765930802,0.5003022378363075,1.1601072290492989,0.8164071438473162,1.6492196519607016
D) bmi + others,is_rcv,0.6129229699878771,0.17742075148864492,0.0007206907866140755,0.25926992245575103,0.9651327556493884,1.845818794286996,1.295983572689378,2.6251361349951514
D) bmi + others,is_smoker,0.09420666461145391,0.18522012457702688,0.6154079102348576,-0.2716505255244765,0.4659769334629095,1.0987868028017258,0.7621205562371255,1.5935702407774748
D) bmi + others,hta,0.19823115681231218,0.18839404273939706,0.299044841597217,-0.1759191236320324,0.5738588783680416,1.219244197852133,0.8386858104564472,1.7751037614398568
D) bmi + others,is_diabetic,0.18690003368603356,0.2264292650064729,0.41987248926947973,-0.2736163338960142,0.6285157977828809,1.205506768958096,0.7606238448734091,1.8748258925100287
D) bmi + others,is_male,0.14162520691491803,0.22800201553030872,0.5382227394400552,-0.3025425903963708,0.6091114363118871,1.1521447517201322,0.7389370159683372,1.8387967846071673
D) bmi + others,age,-0.00833757005827836,0.008226922287302622,0.31734308400346956,-0.024804311659258397,0.007982770877340043,0.9916970910821719,0.9755007874821676,1.0080147181454397
D) bmi + others,lvef,0.009122535262422519,0.007459143283725407,0.2294017579644687,-0.005767633162065741,0.023991214917770315,1.0091642724068786,0.9942489677028467,1.0242813194554778
D) bmi + others,atcd_mi,0.8899643654006885,0.3553766087540744,0.013353716277101246,0.18479953492418214,1.6063614703001141,2.4350428779665547,1.2029772610266707,4.984641426325083
D) bmi + others,atcd_cabg,0.6727910919106824,0.4894390755804286,0.18239486615343814,-0.32877025404915067,1.6312303126922465,1.9596993956439204,0.719808370810216,5.1101579447565
D) bmi + others,atcd_pci,0.06701705339558757,0.3305675853327469,0.8425558343159475,-0.6136013288645419,0.7093179727159526,1.0693137134488757,0.5413976031936107,2.032604494072234
D) bmi + others,atcd_hf,-0.8237350899736214,0.6963763326534073,0.2121410233944354,-2.502138704163101,0.417087694017845,0.4387896710361141,0.08190963069252138,1.517535585892898
D) bmi + others,atcd_stroke,-0.9893743749478986,0.8540693311711232,0.201617989959189,-3.2246020476155874,0.44859985033972355,0.3718092314426976,0.03977160563269542,1.5661178502737858
D) lvef + others,(Intercept),-3.80149857588096,1.0030239927506706,0.00016317492829465152,-5.817318368459279,-1.8165008845946018,0.022337272663833497,0.002975573848125365,0.16259369079913183
D) lvef + others,lvef,0.009122535262422515,0.007459143283725402,0.22940175796448692,-0.00576763316206601,0.023991214917769958,1.0091642724068786,0.9942489677028464,1.0242813194554774
D) lvef + others,nb_vessels_disease,0.7394651184901352,0.1156435811831899,6.433209520650962e-11,0.5123640170094376,0.9738407427224577,2.094814737110063,1.6692326286289558,2.6480956068330137
D) lvef + others,fmc_to_diagnosis_minutes,0.0009226402049816828,0.0023080389180189327,0.6989487646302857,-0.004387293446167011,0.005363186199246609,1.0009230659683876,0.9956223166664595,1.0053775938277663
D) lvef + others,dyslip,0.3433072061899046,0.18132167874888225,0.06064354337740785,-0.015289932649099563,0.7069097312375975,1.4096017337951487,0.9848263648894711,2.027715381065804
D) lvef + others,kilip,-0.19404557327838623,0.11389537503449525,0.08330308690241717,-0.4338765249669403,0.024547791203660123,0.823620368332935,0.647992261411782,1.0248515688268844
D) lvef + others,did_vf_occur,0.6019023174769448,0.3331744198605264,0.08666991742487895,-0.09085514454594837,1.2443549670464311,1.8255883478736654,0.91314997607377,3.4706953642780087
D) lvef + others,thrombectomy,0.1485124396816697,0.17662073043666904,0.40702762088559863,-0.20284209765930852,0.5003022378362862,1.1601072290492986,0.8164071438473158,1.6492196519606668
D) lvef + others,is_rcv,0.6129229699878773,0.17742075148864492,0.0007206907866140755,0.2592699224557404,0.9651327556494198,1.8458187942869964,1.2959835726893643,2.625136134995234
D) lvef + others,is_smoker,0.09420666461145376,0.18522012457702686,0.6154079102348576,-0.27165052552451974,0.4659769334629601,1.0987868028017258,0.7621205562370925,1.5935702407775554
D) lvef + others,hta,0.19823115681231246,0.18839404273939728,0.29904484159724243,-0.17591912363203777,0.573858878368036,1.2192441978521331,0.8386858104564426,1.7751037614398466
D) lvef + others,is_diabetic,0.18690003368603386,0.22642926500647304,0.4198724892693987,-0.27361633389604834,0.6285157977828748,1.2055067689580965,0.7606238448733831,1.8748258925100174
D) lvef + others,is_male,0.14162520691491845,0.22800201553030858,0.5382227394399941,-0.30254259039635795,0.6091114363118865,1.1521447517201329,0.7389370159683467,1.838796784607166
D) lvef + others,age,-0.008337570058278353,0.008226922287302544,0.31734308400346956,-0.02480431165925806,0.007982770877340194,0.9916970910821719,0.975500787482168,1.00801471814544
D) lvef + others,bmi,-0.011178654666029197,0.020929899909321276,0.5972187860814107,-0.054011672786429425,0.029746907340051056,0.988883594324802,0.9474210473937081,1.0301937664751215
D) lvef + others,atcd_mi,0.8899643654006887,0.3553766087540747,0.013353716277098693,0.18479953492419268,1.6063614703001026,2.435042877966555,1.2029772610266836,4.984641426325025
D) lvef + others,atcd_cabg,0.6727910919106824,0.4894390755804285,0.18239486615345202,-0.3287702540491669,1.6312303126922325,1.9596993956439204,0.7198083708102043,5.110157944756429
D) lvef + others,atcd_pci,0.0670170533955876,0.3305675853327471,0.8425558343161713,-0.6136013288645206,0.7093179727159432,1.0693137134488757,0.5413976031936223,2.0326044940722143
D) lvef + others,atcd_hf,-0.8237350899736212,0.6963763326534073,0.2121410233944021,-2.5021387041630727,0.41708769401784557,0.4387896710361142,0.08190963069252372,1.517535585892899
D) lvef + others,atcd_stroke,-0.9893743749478988,0.8540693311711233,0.201617989959189,-3.2246020476153747,0.44859985033968586,0.3718092314426975,0.03977160563270388,1.566117850273727
D) atcd_mi + others,(Intercept),-3.8014985758809714,1.0030239927506606,0.00016317492829465152,-5.817318368459217,-1.816500884594501,0.02233727266383324,0.0029755738481255503,0.16259369079914823
D) atcd_mi + others,atcd_mi,0.8899643654006884,0.35537660875407456,0.01335371627710047,0.1847995349242241,1.6063614703000921,2.4350428779665543,1.2029772610267213,4.984641426324973
D) atcd_mi + others,nb_vessels_disease,0.7394651184901355,0.11564358118318976,6.433209520650962e-11,0.5123640170094537,0.97384074272243,2.094814737110064,1.6692326286289827,2.648095606832941
D) atcd_mi + others,fmc_to_diagnosis_minutes,0.0009226402049816793,0.002308038918018934,0.6989487646303945,-0.004387293446166833,0.005363186199246274,1.0009230659683876,0.9956223166664597,1.005377593827766
D) atcd_mi + others,dyslip,0.3433072061899047,0.1813216787488823,0.06064354337740785,-0.015289932649093759,0.7069097312375816,1.4096017337951487,0.9848263648894767,2.027715381065772
D) atcd_mi + others,kilip,-0.19404557327838592,0.1138953750344953,0.08330308690242294,-0.43387652496693624,0.02454779120366906,0.8236203683329352,0.6479922614117847,1.0248515688268935
D) atcd_mi + others,did_vf_occur,0.6019023174769449,0.33317441986052654,0.08666991742489694,-0.09085514454589463,1.2443549670463938,1.8255883478736656,0.9131499760738191,3.4706953642778795
D) atcd_mi + others,thrombectomy,0.14851243968166997,0.17662073043666898,0.40702762088559863,-0.20284209765932884,0.5003022378362916,1.160107229049299,0.8164071438472992,1.6492196519606754
D) atcd_mi + others,is_rcv,0.6129229699878773,0.17742075148864486,0.0007206907866139645,0.25926992245574565,0.9651327556493936,1.8458187942869964,1.2959835726893711,2.625136134995165
D) atcd_mi + others,is_smoker,0.094206664611454,0.1852201245770267,0.6154079102349372,-0.2716505255245186,0.4659769334629377,1.098786802801726,0.7621205562370933,1.5935702407775196
D) atcd_mi + others,hta,0.19823115681231204,0.18839404273939733,0.2990448415971917,-0.1759191236320326,0.5738588783680584,1.2192441978521327,0.838685810456447,1.7751037614398866
D) atcd_mi + others,is_diabetic,0.1869000336860337,0.22642926500647295,0.41987248926935805,-0.2736163338960279,0.6285157977829003,1.2055067689580963,0.7606238448733986,1.8748258925100652
D) atcd_mi + others,is_male,0.14162520691491867,0.22800201553030866,0.5382227394400552,-0.30254259039636416,0.6091114363118945,1.152144751720133,0.738937015968342,1.8387967846071807
D) atcd_mi + others,age,-0.008337570058278313,0.008226922287302514,0.31734308400346956,-0.02480431165925807,0.00798277087734006,0.9916970910821719,0.975500787482168,1.0080147181454397
D) atcd_mi + others,bmi,-0.011178654666028975,0.020929899909321276,0.597218786081336,-0.0540116727864258,0.029746907340051528,0.9888835943248022,0.9474210473937116,1.030193766475122
D) atcd_mi + others,lvef,0.009122535262422562,0.007459143283725347,0.22940175796445028,-0.005767633162065653,0.02399121491777137,1.0091642724068786,0.9942489677028468,1.024281319455479
D) atcd_mi + others,atcd_cabg,0.6727910919106824,0.48943907558042854,0.18239486615343814,-0.32877025404912064,1.6312303126922612,1.9596993956439204,0.7198083708102375,5.110157944756575
D) atcd_mi + others,atcd_pci,0.06701705339558757,0.3305675853327469,0.8425558343161713,-0.6136013288645213,0.7093179727159336,1.0693137134488757,0.5413976031936218,2.032604494072195
D) atcd_mi + others,atcd_hf,-0.823735089973621,0.6963763326534075,0.21214102339435192,-2.502138704163072,0.41708769401781276,0.4387896710361143,0.08190963069252379,1.517535585892849
D) atcd_mi + others,atcd_stroke,-0.9893743749478989,0.8540693311711232,0.20161798995917324,-3.2246020476153316,0.44859985033968675,0.37180923144269745,0.03977160563270559,1.5661178502737283
D) atcd_cabg + others,(Intercept),-3.8014985758809776,1.00302399275065,0.00016317492829465152,-5.817318368459208,-1.8165008845945647,0.0223372726638331,0.0029755738481255767,0.16259369079913788
D) atcd_cabg + others,atcd_cabg,0.672791091910682,0.48943907558042843,0.18239486615343814,-0.32877025404907423,1.6312303126922052,1.9596993956439195,0.7198083708102709,5.110157944756289
D) atcd_cabg + others,nb_vessels_disease,0.7394651184901357,0.11564358118318975,6.433209520650962e-11,0.5123640170094114,0.9738407427224576,2.0948147371100645,1.669232628628912,2.6480956068330137
D) atcd_cabg + others,fmc_to_diagnosis_minutes,0.000922640204981683,0.0023080389180189344,0.6989487646301769,-0.004387293446166746,0.005363186199246345,1.0009230659683876,0.9956223166664598,1.005377593827766
D) atcd_cabg + others,dyslip,0.34330720618990473,0.18132167874888236,0.06064354337741218,-0.015289932649077615,0.7069097312375323,1.409601733795149,0.9848263648894926,2.027715381065672
D) atcd_cabg + others,kilip,-0.19404557327838565,0.11389537503449525,0.0833030869024054,-0.4338765249669471,0.024547791203662905,0.8236203683329354,0.6479922614117776,1.0248515688268873
D) atcd_cabg + others,did_vf_occur,0.601902317476945,0.3331744198605265,0.08666991742486041,-0.09085514454594812,1.2443549670464495,1.8255883478736659,0.9131499760737702,3.4706953642780727
D) atcd_cabg + others,thrombectomy,0.14851243968167005,0.17662073043666898,0.40702762088552114,-0.2028420976592768,0.5003022378362763,1.160107229049299,0.8164071438473417,1.6492196519606503
D) atcd_cabg + others,is_rcv,0.6129229699878773,0.17742075148864495,0.0007206907866139645,0.2592699224557408,0.965132755649399,1.8458187942869964,1.2959835726893647,2.6251361349951794
D) atcd_cabg + others,is_smoker,0.09420666461145427,0.18522012457702636,0.6154079102348576,-0.27165052552450136,0.46597693346293734,1.0987868028017262,0.7621205562371065,1.5935702407775192
D) atcd_cabg + others,hta,0.19823115681231185,0.18839404273939728,0.2990448415971406,-0.1759191236320166,0.5738588783680754,1.2192441978521324,0.8386858104564604,1.7751037614399165
D) atcd_cabg + others,is_diabetic,0.18690003368603345,0.22642926500647312,0.41987248926927667,-0.27361633389600715,0.6285157977828617,1.2055067689580958,0.7606238448734144,1.8748258925099928
D) atcd_cabg + others,is_male,0.141625206914919,0.2280020155303086,0.5382227394398112,-0.3025425903963566,0.6091114363118875,1.1521447517201333,0.7389370159683477,1.8387967846071678
D) atcd_cabg + others,age,-0.008337570058278284,0.008226922287302449,0.31734308400344213,-0.02480431165925796,0.00798277087733912,0.991697091082172,0.9755007874821681,1.0080147181454389
D) atcd_cabg + others,bmi,-0.011178654666028886,0.020929899909321387,0.5972187860812614,-0.05401167278642534,0.029746907340050834,0.9888835943248023,0.947421047393712,1.0301937664751213
D) atcd_cabg + others,lvef,0.009122535262422567,0.007459143283725369,0.22940175796443207,-0.005767633162065022,0.023991214917769253,1.0091642724068786,0.9942489677028473,1.0242813194554767
D) atcd_cabg + others,atcd_mi,0.8899643654006887,0.3553766087540746,0.013353716277097027,0.18479953492423526,1.606361470300157,2.435042877966555,1.2029772610267346,4.984641426325297
D) atcd_cabg + others,atcd_pci,0.06701705339558729,0.3305675853327471,0.8425558343157236,-0.6136013288645317,0.7093179727159237,1.0693137134488755,0.5413976031936163,2.032604494072175
D) atcd_cabg + others,atcd_hf,-0.8237350899736211,0.6963763326534074,0.2121410233944021,-2.5021387041631318,0.41708769401779583,0.43878967103611427,0.08190963069251887,1.5175355858928234
D) atcd_cabg + others,atcd_stroke,-0.9893743749478991,0.8540693311711232,0.20161798995912605,-3.2246020476153316,0.4485998503396675,0.3718092314426974,0.03977160563270559,1.566117850273698
D) atcd_pci + others,(Intercept),-3.8014985758809674,1.0030239927506592,0.00016317492829465152,-5.81731836845917,-1.8165008845945108,0.02233727266383333,0.0029755738481256904,0.16259369079914665
D) atcd_pci + others,atcd_pci,0.06701705339558804,0.3305675853327469,0.8425558343161713,-0.6136013288645621,0.709317972715944,1.0693137134488762,0.5413976031935998,2.032604494072216
D) atcd_pci + others,nb_vessels_disease,0.7394651184901357,0.11564358118318999,6.433209520650962e-11,0.5123640170094511,0.9738407427224621,2.0948147371100645,1.6692326286289783,2.6480956068330257
D) atcd_pci + others,fmc_to_diagnosis_minutes,0.0009226402049816794,0.0023080389180189335,0.6989487646303945,-0.00438729344616711,0.005363186199246477,1.0009230659683876,0.9956223166664594,1.005377593827766
D) atcd_pci + others,dyslip,0.3433072061899048,0.1813216787488823,0.06064354337740785,-0.015289932649083276,0.7069097312375598,1.409601733795149,0.984826364889487,2.0277153810657276
D) atcd_pci + others,kilip,-0.1940455732783858,0.11389537503449516,0.08330308690241717,-0.4338765249669328,0.024547791203663082,0.8236203683329353,0.6479922614117869,1.0248515688268875
D) atcd_pci + others,did_vf_occur,0.6019023174769448,0.3331744198605264,0.08666991742489127,-0.09085514454592634,1.2443549670464686,1.8255883478736654,0.9131499760737901,3.470695364278139
D) atcd_pci + others,thrombectomy,0.1485124396816698,0.17662073043666898,0.40702762088575395,-0.2028420976593085,0.5003022378362916,1.1601072290492989,0.8164071438473158,1.6492196519606754
D) atcd_pci + others,is_rcv,0.6129229699878773,0.17742075148864492,0.0007206907866140755,0.2592699224557248,0.9651327556493885,1.8458187942869964,1.295983572689344,2.625136134995152
D) atcd_pci + others,is_smoker,0.09420666461145377,0.18522012457702652,0.615407910234778,-0.2716505255245139,0.46597693346293223,1.0987868028017258,0.762120556237097,1.593570240777511
D) atcd_pci + others,hta,0.19823115681231207,0.18839404273939703,0.299044841597217,-0.1759191236320383,0.573858878368042,1.2192441978521327,0.8386858104564422,1.7751037614398573
D) atcd_pci + others,is_diabetic,0.18690003368603356,0.22642926500647284,0.41987248926935805,-0.2736163338960353,0.6285157977829005,1.205506768958096,0.7606238448733931,1.8748258925100654
D) atcd_pci + others,is_male,0.1416252069149185,0.22800201553030838,0.5382227394400552,-0.3025425903963572,0.6091114363118653,1.1521447517201329,0.7389370159683473,1.8387967846071271
D) atcd_pci + others,age,-0.008337570058278324,0.008226922287302428,0.3173430840034972,-0.024804311659258078,0.007982770877339479,0.9916970910821719,0.975500787482168,1.008014718145439
D) atcd_pci + others,bmi,-0.011178654666029063,0.020929899909321124,0.5972187860814853,-0.05401167278642542,0.029746907340057194,0.9888835943248022,0.9474210473937119,1.0301937664751277
D) atcd_pci + others,lvef,0.009122535262422526,0.007459143283725442,0.22940175796448692,-0.005767633162065065,0.023991214917771196,1.0091642724068786,0.9942489677028473,1.0242813194554787
D) atcd_pci + others,atcd_mi,0.8899643654006882,0.3553766087540746,0.013353716277098693,0.18479953492419232,1.6063614703001567,2.4350428779665543,1.2029772610266831,4.984641426325295
D) atcd_pci + others,atcd_cabg,0.6727910919106823,0.48943907558042854,0.18239486615345202,-0.32877025404915144,1.631230312692247,1.9596993956439202,0.7198083708102154,5.110157944756502
D) atcd_pci + others,atcd_hf,-0.8237350899736215,0.6963763326534073,0.2121410233943687,-2.5021387041630994,0.4170876940178616,0.43878967103611405,0.08190963069252152,1.5175355858929231
D) atcd_pci + others,atcd_stroke,-0.9893743749478988,0.8540693311711229,0.20161798995915747,-3.224602047615371,0.44859985033970556,0.3718092314426975,0.039771605632704016,1.5661178502737578
D) atcd_hf + others,(Intercept),-3.8014985758809763,1.0030239927506808,0.00016317492829465152,-5.817318368459288,-1.816500884594571,0.022337272663833133,0.0029755738481253386,0.16259369079913685
D) atcd_hf + others,atcd_hf,-0.8237350899736213,0.6963763326534074,0.21214102339438534,-2.5021387041630416,0.4170876940178457,0.43878967103611416,0.08190963069252626,1.517535585892899
D) atcd_hf + others,nb_vessels_disease,0.7394651184901355,0.11564358118318978,6.433209520650962e-11,0.5123640170094438,0.9738407427224579,2.094814737110064,1.669232628628966,2.6480956068330146
D) atcd_hf + others,fmc_to_diagnosis_minutes,0.0009226402049816814,0.0023080389180189335,0.6989487646302857,-0.004387293446166652,0.005363186199246478,1.0009230659683876,0.9956223166664598,1.005377593827766
D) atcd_hf + others,dyslip,0.34330720618990473,0.18132167874888233,0.06064354337741218,-0.015289932649082976,0.7069097312375656,1.409601733795149,0.9848263648894874,2.0277153810657396
D) atcd_hf + others,kilip,-0.19404557327838615,0.1138953750344952,0.0833030869024054,-0.43387652496691737,0.02454779120365645,0.823620368332935,0.6479922614117969,1.0248515688268807
D) atcd_hf + others,did_vf_occur,0.6019023174769452,0.33317441986052637,0.08666991742488461,-0.0908551445459051,1.2443549670464398,1.8255883478736663,0.9131499760738094,3.470695364278039
D) atcd_hf + others,thrombectomy,0.14851243968166986,0.17662073043666895,0.40702762088559863,-0.2028420976593082,0.5003022378362914,1.1601072290492989,0.816407143847316,1.6492196519606752
D) atcd_hf + others,is_rcv,0.6129229699878772,0.17742075148864492,0.0007206907866139645,0.2592699224557458,0.9651327556493887,1.8458187942869961,1.2959835726893714,2.6251361349951523
D) atcd_hf + others,is_smoker,0.09420666461145412,0.1852201245770267,0.6154079102348576,-0.2716505255244972,0.465976933462966,1.098786802801726,0.7621205562371097,1.5935702407775647
D) atcd_hf + others,hta,0.19823115681231152,0.1883940427393973,0.29904484159716604,-0.17591912363201573,0.573858878368058,1.219244197852132,0.8386858104564612,1.775103761439886
D) atcd_hf + others,is_diabetic,0.18690003368603317,0.22642926500647298,0.41987248926927667,-0.27361633389605533,0.6285157977828685,1.2055067689580956,0.7606238448733778,1.8748258925100054
D) atcd_hf + others,is_male,0.1416252069149184,0.22800201553030927,0.5382227394401161,-0.30254259039635784,0.6091114363118942,1.1521447517201326,0.7389370159683467,1.8387967846071802
D) atcd_hf + others,age,-0.008337570058278298,0.008226922287302598,0.31734308400346956,-0.024804311659258383,0.007982770877339876,0.9916970910821719,0.9755007874821676,1.0080147181454395
D) atcd_hf + others,bmi,-0.011178654666028765,0.020929899909321356,0.5972187860814853,-0.05401167278642607,0.029746907340051573,0.9888835943248024,0.9474210473937114,1.030193766475122
D) atcd_hf + others,lvef,0.00912253526242253,0.007459143283725398,0.22940175796450524,-0.005767633162065682,0.023991214917770898,1.0091642724068786,0.9942489677028467,1.0242813194554785
D) atcd_hf + others,atcd_mi,0.8899643654006886,0.3553766087540745,0.013353716277098693,0.18479953492417234,1.6063614703001459,2.4350428779665547,1.202977261026659,4.984641426325241
D) atcd_hf + others,atcd_cabg,0.6727910919106825,0.4894390755804285,0.18239486615343814,-0.3287702540491357,1.6312303126922325,1.9596993956439206,0.7198083708102267,5.110157944756429
D) atcd_hf + others,atcd_pci,0.06701705339558757,0.33056758533274705,0.8425558343161713,-0.6136013288645521,0.7093179727159428,1.0693137134488757,0.5413976031936052,2.0326044940722134
D) atcd_hf + others,atcd_stroke,-0.9893743749478989,0.8540693311711232,0.20161798995915747,-3.224602047615418,0.44859985033965016,0.37180923144269745,0.03977160563270216,1.566117850273671
D) atcd_stroke + others,(Intercept),-3.8014985758809687,1.0030239927506497,0.00016317492829465152,-5.817318368459165,-1.8165008845945902,0.0223372726638333,0.002975573848125706,0.16259369079913372
D) atcd_stroke + others,atcd_stroke,-0.9893743749478986,0.8540693311711233,0.201617989959189,-3.224602047615411,0.4485998503397044,0.3718092314426976,0.03977160563270243,1.5661178502737558
D) atcd_stroke + others,nb_vessels_disease,0.7394651184901352,0.11564358118318976,6.433209520650962e-11,0.5123640170094514,0.9738407427224649,2.094814737110063,1.669232628628979,2.648095606833033
D) atcd_stroke + others,fmc_to_diagnosis_minutes,0.0009226402049816789,0.0023080389180189322,0.6989487646305034,-0.0043872934461667385,0.005363186199246543,1.0009230659683876,0.9956223166664598,1.0053775938277663
D) atcd_stroke + others,dyslip,0.34330720618990473,0.18132167874888228,0.06064354337740785,-0.015289932649067311,0.7069097312375593,1.409601733795149,0.9848263648895028,2.0277153810657267
D) atcd_stroke + others,kilip,-0.194045573278386,0.11389537503449518,0.08330308690243449,-0.4338765249669359,0.024547791203662597,0.8236203683329351,0.6479922614117849,1.0248515688268869
D) atcd_stroke + others,did_vf_occur,0.601902317476945,0.3331744198605264,0.08666991742487296,-0.09085514454592623,1.2443549670464864,1.8255883478736659,0.9131499760737902,3.4706953642782006
D) atcd_stroke + others,thrombectomy,0.14851243968166983,0.17662073043666898,0.4070276208856375,-0.20284209765932365,0.5003022378362912,1.1601072290492989,0.8164071438473034,1.649219651960675
D) atcd_stroke + others,is_rcv,0.6129229699878772,0.17742075148864492,0.0007206907866140755,0.25926992245574576,0.9651327556494039,1.8458187942869961,1.2959835726893711,2.6251361349951923
D) atcd_stroke + others,is_smoker,0.09420666461145377,0.18522012457702658,0.6154079102349372,-0.2716505255245295,0.4659769334629098,1.0987868028017258,0.7621205562370851,1.5935702407774752
D) atcd_stroke + others,hta,0.1982311568123119,0.18839404273939733,0.299044841597217,-0.17591912363202697,0.5738588783680464,1.2192441978521324,0.8386858104564517,1.7751037614398653
D) atcd_stroke + others,is_diabetic,0.18690003368603356,0.22642926500647304,0.4198724892694393,-0.273616333896056,0.628515797782919,1.205506768958096,0.7606238448733773,1.8748258925101002
D) atcd_stroke + others,is_male,0.14162520691491828,0.2280020155303086,0.5382227394400552,-0.30254259039637055,0.6091114363119148,1.1521447517201326,0.7389370159683374,1.8387967846072182
D) atcd_stroke + others,age,-0.008337570058278334,0.008226922287302487,0.3173430840034972,-0.024804311659258473,0.007982770877338955,0.9916970910821719,0.9755007874821676,1.0080147181454386
D) atcd_stroke + others,bmi,-0.01117865466602897,0.020929899909321162,0.5972187860815599,-0.05401167278642917,0.029746907340053183,0.9888835943248022,0.9474210473937084,1.0301937664751237
D) atcd_stroke + others,lvef,0.00912253526242256,0.00745914328372535,0.22940175796452367,-0.005767633162065652,0.023991214917771352,1.0091642724068786,0.9942489677028468,1.024281319455479
D) atcd_stroke + others,atcd_mi,0.8899643654006887,0.3553766087540747,0.013353716277103023,0.18479953492418297,1.6063614703001032,2.435042877966555,1.2029772610266718,4.9846414263250285
D) atcd_stroke + others,atcd_cabg,0.6727910919106824,0.48943907558042854,0.18239486615345202,-0.328770254049182,1.6312303126922614,1.9596993956439204,0.7198083708101934,5.110157944756576
D) atcd_stroke + others,atcd_pci,0.06701705339558776,0.33056758533274705,0.8425558343161713,-0.6136013288646048,0.7093179727159427,1.069313713448876,0.5413976031935767,2.0326044940722134
D) atcd_stroke + others,atcd_hf,-0.823735089973621,0.6963763326534073,0.21214102339441865,-2.502138704163191,0.4170876940178944,0.4387896710361143,0.08190963069251403,1.5175355858929729
